{
"H_INVD2"  : 8,
"W_INVD2"  : 3,
"H_DFQD1"  : 8,
"W_DFQD1"  : 16,
"H_ND2D1"  : 8,
"W_ND2D1"  : 3,
"H_SRAM"  : 8,
"W_SRAM"  : 6,
"Vdd"  : 0.9,
"R"  : 606.321,
"IoffSRAM"  : 0.00000032,
"IoffP"  : 0.00000102,
"IoffN"  : 0.00000102,
"Cg_pwr"  : 0.000000000000000534,
"Cd_pwr"  : 0.000000000000000267,
"Cgdl"  : 0.0000000000000001068,
"Cg"  : 0.000000000000000534,
"Cd"  : 0.000000000000000267,
"LAMBDA"  : 0.016,
"MetalPitch"  : 0.000080,
"Rw"  : 0.720044,
"Cw_gnd"  : 0.000000000000267339,
"Cw_cpl"  : 0.000000000000267339,
"wire_length"  : 2.0
}
